Compound;CNS positivity; MW (g/mol);Freely Rotable Bonds (ACD);PSA (ACD);HBD (ACD);HBA (ACD);logP (ACD);logD (pH7.4) (ACD);HPLC logP-HBA (ACD);HBA+HBD (ACD);logP-HBA (ACD);logD (pH 7.4)-HBA (ACD);HPLC logP(pH 7.4) ;IAM Km (linear);IAM Pm (linear);HSA;LogK;tPSA;logP;ClogP;pKa (prediction);3D PSA;CNS MPO score;BBB score;CNS MPO PET score
Sitagliptin;negative;407.31;5;77;2;6;1.3;1.09;-4.94;8;-4.7;-4.91;1.06;30.62;0.08;31.21;-0.35;74.29;2.2;0.69;0.76;;;;3.5
Teicoplanin;negative;1879.66;20;662;25;42;0.4;-3.6;-40.08;67;-41.6;-45.6;1.92;11.29;0.01;90.1;0.92;662;;;-0.33;;;;3
Fluoroethyl-Carfentanilhydrochloride;positive;426.52;10;50;0;5;3.97;3.47;-1.6;5;-1.03;-1.53;3.4;139.67;0.33;73.26;0.42;49.85;3.74;3.94;7.75;;;;2.8
SCH-23388hydrochloride;positive;287.78;1;23;1;2;3.83;3.1;;3;1.83;1.1;;;;;;23.47;3.99;4.02;8.24;48.6;3.66;5.64;2.7
SCH-23390hydrochloride;positive;287.78;1;23;1;2;3.83;3.1;1.11;3;1.83;1.1;3.11;179.71;0.55;80.66;0.6;23.47;3.99;3.24;8.24;51.7;3.66;5.64;2.7
ABP688;positive;240.3;3;34;0;3;3.87;3.2;-0.14;3;0.87;0.2;2.86;63.32;0.26;75.55;0.47;33.95;2.52;2.29;1.64;39.2;5.39;5.32;3.2
FPEBStandard;positive;222.22;3;67;0;2;2.54;2.9;1.15;2;0.54;0.9;3.15;49.54;0.22;73.05;0.42;36.15;3.25;2.86;3.02;79;5.07;5.29;4.3
Ritalin;positive;233.3;4;38;1;3;2.55;0.26;;4;-0.45;-2.74;;;;;;38.88;2.16;2.55;9.09;52.8;5.12;5.25;4.7
DMFEAN;positive;293.34;6;51;0;3;4;4.13;1.54;3;1;1.13;4.54;83.06;0.28;80.28;0.59;50.82;3.95;3.42;2.58;106.3;4.73;5.25;4
CITFES;positive;403.24;1;49;2;3;0.38;-2.09;;5;-2.62;-5.09;;;;;;40.54;3.62;1.46;3.73;79.2;5.09;5.24;3.7
DASB;positive;283.39;5;78;2;3;3.2;1.87;0.84;5;0.2;-1.13;3.84;136.29;0.48;75.74;0.48;53.05;3.31;3.21;1.8;101.4;5.2;5.21;4.5
PHNO;positive;248.34;2;34;1;3;2.55;1.97;-1;4;-0.45;-1.03;2;39.32;0.16;61.69;0.2;33.9;2.37;2.79;9.68;65.5;5.04;5.2;3.9
MDL(Volinanserin);positive;373.46;7;42;1;4;3.56;1.94;-0.89;5;-0.44;-2.06;3.11;113;0.28;71.74;0.39;41.93;3.81;3.29;8.75;42;4.87;5.19;3.3
MDL100151;positive;373.46;7;42;1;4;3.56;1.94;0.62;5;-0.44;-2.06;3.13;102.81;0.28;71.74;0.39;41.93;3.81;3.29;8.75;50.5;4.87;5.19;3.3
MDL100907;positive;373.46;7;42;1;4;3.56;1.94;-0.89;5;-0.44;-2.06;3.11;112.7;0.3;66.99;0.3;41.93;3.81;3.29;8.75;42.5;4.87;5.19;3.3
Etomidate;positive;244.29;3;71;0;4;1.58;1.9;-1.44;4;-2.42;-2.1;2.56;29.77;0.12;69;0.33;41.9;1.84;2.67;4.25;43.9;5.75;5.17;5.6
Metomidate;positive;230.26;4;44;0;4;2.72;2.22;2.62;4;-1.28;-1.78;2.07;19.16;0.07;61.39;0.19;41.9;1.5;2.14;4.25;49.8;5.93;5.17;5.3
Quinidine;efflux;324.42;4;46;1;4;3.44;1.17;-1.26;5;-0.56;-2.83;2.74;119.97;0.37;76.08;0.49;45;2.48;2.79;13.89;68;5.48;5.16;3.5
FluoroethylEtomidate(FETO);positive;262.28;6;44;0;4;3.07;2.43;-1.82;4;-0.93;-1.57;2.18;19.38;0.07;62.83;0.22;41.9;1.69;2.39;4.25;43.5;5.83;5.15;4.9
beta-CFT;positive;277.33;3;30;0;3;2.42;0.22;-3.23;3;-0.58;-2.78;-0.23;;;;;29.54;2.49;2.96;9.37;32.4;4.79;5.14;4.1
Rolipram;positive;275.34;4;48;1;4;1.43;1.72;-2.31;5;-2.57;-2.28;1.69;19.42;0.07;64.09;0.24;47.56;1.89;1.72;1.19;96.9;5.75;5.11;6
Rofecoxib;negative;314.36;3;69;0;4;1.34;2.07;-1.26;4;-2.66;-1.93;2.74;18.64;0.06;69.33;0.34;60.44;1.83;1.8;;139.2;5.72;5.1;
NNC112;positive;327.8;1;37;1;3;4.28;3.41;;4;1.28;0.41;;;;;;36.61;3.6;4.58;8.18;51.2;4.6;5.09;2.4
Setoperone;positive;401.5;5;78;0;5;2.59;1.93;-2.64;5;-2.41;-3.07;2.36;38.96;0.1;65.59;0.27;52.98;2.16;1.95;-0.34;65.9;5.58;5.06;4.8
Flumazenil;positive;303.29;3;64;0;6;0.67;1;-5.07;6;-5.33;-5;0.93;6.71;0.02;32.89;-0.32;64.44;1.11;1.29;0.12;82.1;6;5.05;6
Epidepride;positive;481.27;6;51;1;5;2.3;0.39;-2.27;6;-2.7;-4.61;2.73;109.27;0.23;63.04;0.31;50.8;2.91;3.46;-0.26;74.3;4.8;5.04;5
McN5652;positive;295.44;2;29;0;1;4.54;3.67;3.33;1;3.54;2.67;4.33;121.15;0.41;84.98;0.72;3.24;4.28;4.16;10.37;1.9;3.23;5.04;2
Fluoroethylflumazenil(FFMZ);positive;335.31;5;64;0;6;1.05;1.22;-5.07;6;-4.95;-4.78;0.93;5.67;0.02;26.59;-0.45;62.21;0.96;1.01;0.28;81.3;6;5.02;5.3
Physostigmine;positive;275.34;2;45;1;5;1.22;0.81;;6;-3.78;-4.19;;;;;;44.81;2.66;1.95;14.77;73.9;5.66;5.02;5
Fluoroethylspiperon(FESP);positive;441.51;8;44;0;5;3.08;1.72;-1.03;5;-1.92;-3.28;3.97;242.94;0.55;79.79;0.58;43.86;3.21;3.64;4.02;52.4;4.68;5.01;4.7
FluoromethylMcN5652;positive;313.43;3;29;0;1;4.38;3.47;3.35;1;3.38;2.47;4.35;101.48;0.32;89.16;0.88;3.24;4.49;4.33;10.34;12.8;3.3;5.01;1.8
FLB457;positive;371.27;6;51;1;5;2.39;0.58;-2.63;6;-2.61;-4.42;2.37;84.5;0.23;64.11;0.24;50.8;2.39;3.2;-0.26;74.2;5.13;5;5
beta-CIT;positive;385.24;3;30;0;3;3.4;1.13;-0.87;3;0.4;-1.87;2.13;103.88;0.27;70.2;0.36;29.54;3.69;3.94;9.46;34;4.35;5;2.5
18FE@suppy;negative;388.48;10;107.2;0;6;5.94;5.79;-1.88;6;-0.06;-0.21;4.12;;;;;56.76;5.84;6.11;3.96;57;3.8;4.98;3
WAY-100635;positive;422.56;7;49;0;6;2.66;3.07;-3.12;6;-3.34;-2.93;2.88;57.45;0.14;69.11;0.34;48.38;4.23;4.09;1.5;33.2;4.22;4.97;4
NNCprecursor;positive;313.77;1;45;2;3;3.19;1.6;;5;0.19;-5.77;;;;;;45.4;3.23;4.13;8.7;91.7;4.5;4.97;3.8
Carfentaniloxalat;positive;394.51;8;50;0;5;3.73;3.21;-1.71;5;-1.27;-1.79;3.29;141.25;0.29;70.95;0.37;49.85;3.2;3.73;7.75;36.1;4.84;4.96;3
2-FE-beta-CIT;positive;417.26;5;30;0;3;3.64;1.27;0.23;3;0.64;-1.73;3.23;109.21;0.26;74.92;0.46;29.54;3.88;4.33;9.38;30.9;4.06;4.96;2.4
CIT-FE;positive;417.26;5;30;0;3;3.74;2.58;1.18;3;0.74;-0.42;4.18;161.41;0.39;75.11;0.46;29.54;3.88;4.2;8.51;31.6;4.24;4.96;1.9
Nifene;positive;194.2;3;34;1;3;1.59;0;;4;-1.41;-3;;;;;;34.15;1.21;0.98;-1.1;56;5.46;4.95;5.1
Diltiazem;efflux;414.52;7;84;0;6;3.63;2.06;-3.11;6;-2.37;-3.94;2.89;86.4;0.21;69.08;0.34;59;2.64;3.65;8.18;96;5.52;4.95;3.6
6-meO-BTA-0;negative;256.32;2;76;2;3;3.42;2.84;1.25;5;0.42;-0.16;4.25;;;;;48.15;3.03;3.44;;94.2;4.85;4.95;
PE2i;positive;425.3;5;30;0;3;4.9;3.81;1.55;3;1.9;0.81;4.55;228.01;0.54;73.4;0.43;29.54;4.71;4.87;9.27;31.9;3.49;4.94;1.1
Harmin;positive;212.25;1;38;1;3;3.17;1.61;-0.02;4;0.17;-1.39;2.98;82;0.39;79.45;0.57;33.62;1.87;3.13;6.15;56.5;5.65;4.93;4.8
CPFPX;positive;321.38;6;69;1;6;0.03;2.8;-3.17;7;-5.97;-3.2;2.83;39.74;0.12;73.17;0.42;65.01;2.16;3.19;2.62;84.9;5.75;4.92;4.6
beta-CIT-FP;positive;431.28;6;30;0;3;4.06;2.13;1.44;3;1.06;-0.87;4.44;143.89;0.34;72.06;0.4;29.54;3.99;4.42;9.72;31.1;3.76;4.91;1.6
CITFP;positive;431.28;6;30;0;3;4.06;2.13;1.44;3;1.06;-0.87;4.44;145.43;0.35;72.06;0.4;29.54;3.99;4.42;;;3.76;4.91;
Fallypride;positive;364.45;10;51;1;5;2.12;0.94;-2.01;6;-2.88;-4.06;2.99;71.61;0.2;64.18;0.24;50.8;2.74;3.18;-0.16;46.8;5.46;4.9;5
N-ButylScopalamine;negative;360.47;8;59;1;5;-1.99;-1.66;-5.3;6;-6.99;-6.66;-0.3;24.05;0.07;41.25;-0.16;59.06;;-0.89;15.15;117.3;5.75;4.88;4
Loratadine;negative;382.88;2;42;0;4;5.94;5.32;-0.38;4;1.94;1.32;3.62;191.65;0.5;87.72;0.82;41.9;4.13;5.05;4.33;42.7;4.06;4.88;2.8
FE-PE2i;positive;457.3;7;30;0;4;4.52;;;4;0.52;;;;;;;29.54;4.9;5.12;9.21;31.4;3.06;4.86;
FE-Carfentanil;positive;394.51;8;50;0;5;3.73;3.21;-1.71;5;-1.27;-1.79;3.29;141.25;0.29;70.95;0.37;49.85;3.2;3.73;7.75;32.9;4.41;4.85;3
Cetirizin;negative;388.89;8;53;1;5;2.16;-0.55;-2.92;6;-2.84;-5.55;2.08;11.74;0.03;73.97;0.44;53.01;3.11;2.08;3.01;89.1;5.54;4.84;5
IPCIT;positive;537.17;4;30;0;3;5.47;1.71;;3;2.47;-1.29;;;;;;29.54;5.58;5.49;9.16;30.2;2.54;4.84;2.1
Me@IPICIT;positive;537.17;5;30;0;3;5.47;4.41;;3;2.47;1.41;;;;;;29.54;5.58;5.49;9.16;30.2;2.54;4.84;1.1
GR89696;positive;414.33;5;53;0;6;3.69;2.27;-2.98;6;-2.31;-3.73;3.02;116.48;0.22;72.38;0.4;53.09;2.38;4.17;8.63;50.3;5.29;4.82;3.2
Ro11-2933/Acetanilide;efflux;481.71;10;72;0;3;6.85;4.75;-2.93;3;3.85;1.75;0.07;9.12;0.02;12.37;-0.86;21.7;6.84;6.12;14.38;19;1.41;4.82;1
Flutemetamol;positive;274.31;2;73;2;3;3.5;3.27;;5;0.5;0.27;;;;;;45.15;3.57;4.3;2.89;89.8;4.55;4.81;3.4
Quinacrine;efflux;399.96;9;37;1;4;4.85;1.96;-0.11;5;0.85;-2.04;3.89;155.63;0.39;94.02;1.13;36.9;5.02;6.72;10.93;43;3.33;4.8;2.2
PK11195;positive;352.86;4;42;1;3;4.8;4.74;0.25;4;1.8;1.74;3.25;123.33;0.35;79.55;0.57;32.67;5.3;4.62;0.8;19.9;3.66;4.8;2
Ondansetron;efflux;293.36;2;40;0;4;2.07;2.43;-1.91;4;-1.93;-1.57;2.09;35.6;0.12;77.49;0.52;35.9;1.7;2.72;7.34;53;5.94;4.78;3.6
Asimadoline;efflux;414.54;7;44;1;4;3.71;3.68;-0.88;5;-0.29;-0.32;3.12;163.56;0.39;82.27;0.64;43.77;4.15;3.87;3.05;60;4.18;4.78;3.2
Phenylbutazone;negative;308.37;5;41;0;4;3.16;0.59;-3.18;4;-0.84;-3.41;0.82;6.65;0.02;83.94;0.7;40.62;4.15;3.39;-1;55.4;5.33;4.77;5.3
FE-IPCIT;positive;569.19;4;30;0;3;5.71;1.71;;3;2.71;-1.29;;;;;;29.54;5.77;5.74;9.1;31;2.34;4.77;2.2
6-OH-BTA-1(PiB);positive;256.32;2;73;2;3;3.33;3.19;0.94;5;0.33;0.19;3.94;199.8;0.78;84.32;0.7;45.15;3.41;3.7;1.82;93.5;4.7;4.76;3.6
FNMB;positive;395.47;6;44;0;5;3.67;2.8;-1.45;5;-1.33;-2.2;3.55;124.25;0.31;78.48;0.54;43.86;2.55;3.5;7.85;52.5;5.37;4.74;3
beta-CPPIT;positive;418.4;3;30;0;3;4.55;2.07;;3;1.55;-0.93;;;;;;29.27;5.16;5.22;0.19;34.3;2.97;4.74;2.7
Altanserin;positive;411.49;5;85;1;5;3.29;2.48;-0.76;6;-1.71;-2.52;4.24;162.51;0.39;84.3;0.7;52.65;3.21;2.58;-0.18;74.1;4.46;4.73;3.9
DAA1106;positive;395.42;7;48;0;5;4.38;4.17;;5;-0.62;-0.83;;;;;;48.01;4.35;5.12;;56.6;4.18;4.71;
Miconazol;negative;416.13;6;27;0;3;5.94;6.13;1.61;3;2.94;3.13;4.61;901.32;2.17;93.05;1.07;24.83;5.09;5.81;6.48;28.9;2.95;4.67;2
BMP;positive;185.26;4;30;0;3;1.49;1.08;;3;-1.51;-1.92;;;;;;29.54;0.97;1.13;0.06;35.3;5.12;4.65;5
MPPF;positive;434.51;7;49;0;6;3.4;3.47;-3.17;6;-2.6;-2.53;2.83;43.42;0.1;70.57;0.37;48.38;4.32;3.49;1.45;38.7;4.25;4.62;3.5
Loperamide;efflux;477.04;7;44;1;4;4.26;3.94;-0.41;5;0.26;-0.06;3.59;499.27;1.05;84.57;0.71;43.8;5.15;4.66;13.96;58;2.94;4.62;1.9
Neostigmine;negative;223.29;3;30;0;4;-3.03;-2.77;-6.03;4;-7.03;-6.77;-2.03;4.11;0.02;28.52;-0.41;29.54;;-2.81;;29.9;5.48;4.62;
Scopalamine;positive;303.35;5;62;1;5;0.76;0.3;;6;-4.24;-4.7;;;;;;62.3;0.53;0.29;6.45;95;5.75;4.6;6
Raclopride;positive;347.24;5;62;2;5;3.96;1.3;-3.53;7;-1.04;-3.7;1.47;44.06;0.13;65.88;0.27;61.8;2.41;4.06;6.76;52.6;4.97;4.59;3
Terfenadine;negative;471.67;9;44;2;3;6.51;3.66;1.55;5;3.51;0.66;4.55;943.02;2;90.78;0.95;43.7;6.96;6.07;14.52;73.3;2.09;4.58;0.9
Me@HAPTHI;negative;347.43;6;81;2;6;1.5;-0.68;;8;-4.5;-6.68;;;;;;72.87;;1.26;9.92;105.1;4.54;4.55;2.6
Verapamil;efflux;454.6;14;64;0;6;3.9;2.38;-2.66;6;-2.1;-3.62;3.34;131.65;0.27;78.3;0.54;64;5.69;4.47;9.61;76;3.09;4.54;2.5
Celecoxib;negative;381.37;4;86;2;5;4.21;3.23;-1.34;7;-0.79;-1.77;3.66;190.78;0.5;89.16;0.88;75.76;4.34;4.37;-0.41;150;3.84;4.5;1.5
Azidomazenil;positive;326.31;4;77;0;9;0.99;1.6;-7.27;9;-8.01;-7.4;1.73;10.12;0.03;47.48;-0.05;110.97;1.8;2.16;0.11;188.3;5.87;4.49;4.5
Methylnaltrexonebromide;negative;436.33;2;67;2;5;-3.57;;-6.79;7;-8.57;;-1.79;12.08;0.03;54.37;0.03;66.76;;-2.64;8.9;134.6;5.5;4.45;
PMP;positive;157.21;3;38;1;3;0.91;-0.97;;4;-2.09;-3.97;;;;;;38.33;0.18;0.32;10.02;58.4;4.67;4.44;4.5
Carazolol;positive;298.38;6;57;3;4;3.59;1.14;-0.78;7;-0.41;-2.86;3.22;248.54;0.83;83.92;0.69;53.52;2.24;3.06;9.27;82.7;4.62;4.39;3.4
SB207145;positive;340.8;4;74;2;6;3.43;1.65;-4.38;8;-2.57;-4.35;1.62;53.53;0.16;75.56;0.47;74.02;1.56;2.79;9.47;105;4.76;4.38;2.1
N-Methylnaltrinidole;positive;428.52;2;58;2;5;3.61;2.56;-0.72;5;-6.03;-2.44;4.28;229.41;0.54;83.14;0.67;56.17;2.93;2.42;9.24;105.5;4.47;4.32;1.7
Fulvestrant;negative;606.77;15;77;2;3;7.92;7.55;1.37;5;4.92;4.55;4.37;0.67;0;91.69;0.99;57.53;7.47;5.79;10.32;132.4;2.5;4.28;1
TMSX;positive;387.42;;;;;-0.61;;;;;;;;;;;80.86;1.75;3.14;;119.2;5.78;4.25;
Diprenorphine;positive;425.6;4;62;2;5;3.6;;;7;-1.4;;;;;;;62.16;2.57;2.66;9.04;88;4.03;4.17;
Buprenorphine;positive;467.64;5;62;2;5;3.43;3.48;;7;-1.57;-1.52;;;;;;62.16;3.99;3.98;9.04;89.7;3.72;4.11;1.7
FETA;positive;216.17;5;93;1;7;-0.75;-0.68;;8;-7.75;-7.68;;;;;;92.75;-0.3;-0.73;0.18;159;5.75;4.04;5
Parecoxib;negative;370.42;5;98;1;6;1.72;0.7;-4.96;7;-4.28;-5.3;1.04;4.85;0.01;83.59;0.68;84.83;3.43;2.05;0.42;177.4;5.11;3.99;4.1
Ketoconazole;negative;531.43;7;69;0;8;3.55;3.49;-4.52;8;-4.45;-4.51;3.48;89.84;0.17;84.47;0.71;66.84;3.54;3.64;6.42;65.6;3.4;3.96;3.2
Fluoromisonidazole(FMISO);positive;189.14;4;84;1;6;-0.52;-0.51;-7.54;7;-6.52;-6.51;-1.54;4.57;0.02;0;2.01;83.88;;-0.54;0;152.7;5.75;3.95;5.1
Ranitidine;efflux;314.4;10;112;2;7;1.23;-0.63;-8.09;9;-5.77;-7.63;-1.09;8.53;0.03;53;0.04;88.3;;0.67;0.47;141;5.35;3.88;3
Corticosterone;efflux;346.46;2;75;2;4;1.76;2.1;-1.89;6;-2.24;-1.9;2.11;28.61;0.08;69;0.33;74.6;1.26;0.39;-0.26;159;5.49;3.87;3.2
Repaglinid;negative;452.59;10;79;2;6;4.69;2;-3.11;8;-1.31;-4;2.89;48.13;0.11;87.58;0.82;78.87;5.19;5.3;3.52;102.2;4.65;3.85;2.1
mHED;negative;181.23;3;52.5;3;3;0.32;-1.79;-5.1;6;-2.68;-4.79;-2.1;10.41;0.05;36.59;-0.25;52.49;0.99;0.22;9.74;104.1;4.38;3.84;4
Sotalol;negative;272.36;6;87;3;5;0.32;-1.63;-6.93;8;-4.68;-6.63;-1.93;11.33;0.04;29.58;-0.38;78.43;-0.06;0.23;9.64;153.1;4.43;3.76;3.3
Nicardipine;efflux;479.53;11;114;1;9;5.13;4.55;-4.83;10;-3.87;-4.45;4.17;275.55;0.57;84.31;0.7;119.7;1.81;5.23;4.33;151;3.48;3.63;2
Rhodamine123;efflux;345.37;3;87;3;5;1.21;1.71;-2.89;8;-3.79;-3.29;2.11;219.85;0.64;85.44;0.74;87.1;;1.51;0.73;171;4.59;3.58;3
Colchicine;efflux;399.43;5;83;1;7;0.92;1.1;;8;-6.08;-5.9;;;;;;86.6;0.95;1.9;0.8;112;5.47;3.53;4
Fexofenadine;efflux;501.66;10;81;3;5;4.8;2.43;-3.01;8;-0.2;-2.57;1.99;22.23;0.04;57.32;0.12;81;6.03;1.96;4.07;157;3.18;3.45;1.6
Tolcapone;negative;273.24;3;103;2;6;4.07;1.22;;8;-1.93;-4.78;;;;;;103.45;2.21;3.25;5.59;211;5;3.41;3
Domperidon;negative;425.91;5;79;2;7;4.63;0.76;-3.8;9;-2.37;-6.24;3.2;148;0.35;84.57;0.71;74.9;3.64;4.8;12.72;137.9;3.65;3.4;1.5
Erlotinib;efflux;393.44;11;75;1;7;2.39;3.04;-3.78;8;-4.61;-3.96;3.22;64.47;0.16;79.22;0.56;73.7;3.3;3.2;-0.63;82;4.81;3.35;3.5
Laniquidar;efflux;584.7;8;69;0;7;8.13;5.64;;7;1.13;-1.36;;;;;;69.5;5.98;6.13;3.17;72;2.95;3.19;2.7
Metaraminol;negative;167.2;2;66;4;3;0.07;-2.07;;7;-2.93;-5.07;;;;;;66.48;0.47;-0.08;9;141.4;4.5;3.17;4.1
Hoechst33342;efflux;452.55;5;73;2;7;4.63;3.35;-3.71;9;-2.37;-3.65;3.29;511.97;1.13;94.5;1.16;64.5;3.95;6.04;11.27;92;2.92;3.17;0.9
Nadolol;negative;309.4;6;82;4;5;1.29;-0.86;-6.07;9;-3.71;-5.86;-1.07;14.15;0.05;29.49;-0.38;81.95;0.99;0.38;9.36;139.5;4.32;3.15;3.1
Nelfinavir;efflux;567.78;10;127;4;7;8.6;3.86;-3.15;11;1.6;-3.14;3.85;665.34;1.17;90.92;0.96;101.9;4.62;3.77;15.16;127;1.62;3.14;0
Dexamethason;efflux;392.46;2;95;3;5;1.87;1.92;-2.9;8;-3.13;-3.08;2.1;26.75;0.07;59.58;0.16;94.8;0.72;0.13;14.09;154;4.86;3.03;1.8
Hydrocortisone;efflux;362.46;2;95;3;5;1.43;1.66;-3.4;8;-3.57;-3.34;1.6;17.24;0.05;48.98;-0.03;94.8;0.5;-0.86;13.87;181;5.07;3;2
Cimetidine;efflux;252.12;8;114;3;6;0.07;0.37;-6.63;9;-5.93;-5.63;-0.63;8.57;0.03;23.65;-0.38;88.89;0.93;0.19;-1.09;144;5.25;2.91;3
Clindamycin;negative;424.98;7;128;4;7;1.83;1.08;;11;-5.17;-5.92;;;;;;99.02;2.32;3.61;7.55;109.5;4.04;2.81;2.8
Mesna(CoenzymeM);negative;142.19;2;67;1;3;-1.2;-4.83;;4;-4.2;-7.83;;;;;;57.2;;-4.29;-1.16;124.8;5.75;2.79;6
Losartan;efflux;422.91;8;93;2;7;3.57;1.61;-5.5;9;-3.43;-5.39;1.5;4.8;0.01;81.55;0.62;84.9;4.95;4.1;-1.56;123;4.03;2.79;2.4
Amprenavir;efflux;505.22;12;140;4;9;4.68;2.92;-6.31;13;-4.32;-6.08;2.69;39.78;0.08;70.07;0.36;131.2;2.5;3.29;2.39;179;2.79;2.74;1
Carbidopa;negative;226.22;4;116;6;6;-0.19;-2.58;-6.69;12;-6.19;-8.58;-0.69;95.42;0.16;25.74;-0.47;115.81;0.37;-0.44;-1.52;235.3;3.89;2.65;4
Hydrochlorothiazide;negative;297.74;1;135;4;7;-0.07;-0.01;-6.39;11;-7.07;-7.01;0.61;8.65;0.03;47.52;-0.05;118.36;-0.04;-0.36;9.09;267.9;4.05;2.64;3.2
SNAP7941;efflux;613.65;11;129;3;11;2.47;1.88;;14;-8.53;-9.12;;;;;;129.3;1.14;4.92;14.25;180;2.93;2.61;1.9
Glimepiride;negative;490.62;9;140;3;9;4.14;1.55;-6.84;12;-4.86;-7.45;2.16;17.24;0.04;88.08;0.83;124.68;2.59;3.96;0.73;175.7;3.14;2.58;2
Linagliptin;negative;472.54;5;113;2;10;1.99;-0.16;-8.46;12;-8.01;-10.16;1.54;41.51;0.09;70.73;0.37;110.2;3.5;1.91;9.86;122.5;2.98;2.51;2
18FSNAP;efflux;613.65;11;129;3;11;2.47;1.88;-7.37;14;-8.53;-9.12;3.63;;;;;129.3;2.45;4.92;0.41;172;2.93;2.48;2.9
Bisantrene;efflux;402.23;6;98;4;8;1.69;-0.64;-4.9;12;-6.31;-8.64;3.1;1017.12;2.53;100;2;96.22;1.21;3.4;6.62;158;4.32;2.46;3
Dexrazoxane;negative;268.26;3;99;2;8;-0.37;-0.83;;10;-8.37;-8.83;;;;;;98.81;-3.17;-1.33;11.2;215.8;5.21;2.46;3
Fudinsäure;negative;516.71;6;104;3;6;6.41;2.75;-2.91;9;0.41;-3.25;3.09;41.52;0.08;84.85;0.72;104.06;4.68;7.28;4.66;148.1;3.07;2.44;1.1
Elacridar;efflux;563.64;8;89;2;8;5.55;5.39;-3.14;10;-2.45;-2.61;4.86;1253.71;2.22;92.02;1.01;89.1;5.03;4.21;8.36;124;2.32;2.32;0.5
Itraconazole;negative;705.63;11;101;0;12;4.35;4.96;-7.49;12;-7.65;-7.04;4.51;293.36;0.42;89.44;0.89;98.04;7.13;5.99;3.91;93.1;2.64;2.16;2
Mitoxantrone;efflux;444.4;12;163;8;10;0.45;-1.19;;18;-9.55;-11.19;;;;;;163.2;-1.16;2.29;15.9;263;2.8;2.15;2
Lopinavir;efflux;628.8;15;120;4;9;6.26;5.24;-5.34;13;-2.74;-3.76;3.66;163.6;0.26;85.88;0.75;120;4.56;6.09;15.42;128;1.16;2.15;0
Entacapone;negative;305.1;6;130;2;8;2.38;-0.04;-7.27;10;-5.62;-8.04;0.73;8.06;0.03;92.33;1.04;130.38;1.49;1.76;1.2;234.6;4.5;2.11;4
Indinavir;efflux;613.79;12;118;4;9;4.04;1.75;-6.33;13;-4.96;-7.25;2.67;31.08;0.05;55.14;0.08;117.5;2.49;3.68;15.35;104;2.72;2.06;1
Triamcinolone;efflux;394.43;2;115;4;6;0.83;0.92;-4.97;10;-5.17;-5.08;1.03;10.18;0.03;38.86;-0.2;115.1;-0.63;-0.35;14;202;3.92;2.05;2
Glibenclamide;negative;494;9;129;3;8;5.19;2.25;-5.83;11;-2.81;-5.75;2.17;25.29;0.05;88.96;0.87;120.58;5.57;4.58;0.28;166;2.29;2.04;1.5
Daunorubicin;efflux;527.52;4;186;6;11;2.92;-0.29;-7.66;17;-8.08;-11.29;3.34;176.73;0.34;87.7;0.82;185.8;-0.64;0.84;9.64;238;2.51;1.89;1.9
Atorvastatin;efflux;558.64;12;112;4;7;4.93;0.88;-4.62;11;-2.07;-6.12;2.38;19.75;0.04;82.37;0.65;111.79;5.05;4.46;4.31;183;2.06;1.82;2
Vincristine;efflux;824.96;10;171;3;14;2.82;2.6;-11.27;17;-11.18;-11.4;2.73;98.84;0.12;66.69;0.29;171.18;;4.04;10.85;125.7;2.97;1.8;1.2
Vinblastine;efflux;810.97;10;154;3;13;4.18;3.68;-9.9;16;-8.82;-9.32;3.1;163.95;0.2;75.24;0.47;154.11;;5.23;10.88;156;2.05;1.77;0
Etoposide;efflux;588.56;5;161;3;13;0.3;0.66;-11.43;16;-12.7;-12.34;1.57;9.72;0.02;64.3;0.24;160.8;1.12;0.03;12.28;269;3.25;1.74;2
Doxorubicin;efflux;543.52;5;206;7;12;2.82;-0.79;-8.88;19;-9.18;-12.79;3.12;114.08;0.21;86.91;0.8;206.1;-1.34;0.32;8.97;287;2;1.72;2.2
Epirubicin;efflux;543.52;5;206;7;12;2.82;-0.79;-8.39;19;-9.18;-12.79;3.61;143.84;0.26;88.13;0.84;206.1;-1.34;0.32;9.64;260;2;1.72;2
Tariquidar;efflux;646.73;11;111;2;10;6.38;4.89;-5.19;12;-3.62;-5.11;4.81;808.67;1.25;90.26;0.92;110.7;5.16;5.55;8.36;174;1.61;1.69;0.5
Candesartan;negative;440.15;7;119;2;9;5.01;0.04;;11;-3.99;-8.96;;;;;;124.62;;5.19;-1.56;129.9;2.96;1.58;2
PolymyxinB2;negative;1189.45;28;491;23;29;-3.4;-11.74;;52;-32.4;-40.74;;;;;;490.54;;-4.19;;502.6;2;1.26;
ActinomycinD;efflux;1254.63;8;356;6;28;-4.03;-2.39;-24.32;34;-32.03;-30.39;3.68;121.1;0.1;64.62;0.25;359.98;-1.15;;-1.44;204;3;1.19;3
Teniposide;efflux;656.65;6;189;3;13;1.71;1.42;-10.35;16;-11.29;-11.58;2.65;34.19;0.05;80.37;0.59;160.8;2.75;-0.59;12.28;257;2.86;1.19;2
Candesartancilexetil;negative;610.66;13;143;1;12;7.79;4.03;-8.62;13;-4.21;-7.97;3.38;95.42;0.16;90.78;0.95;135.77;7.35;7.33;-1.56;121;1.75;1.16;2
Digoxin;efflux;780.94;7;203;6;14;0.85;1.26;-11.8;20;-13.15;-12.74;2.2;11.34;0.01;0;0;203.08;;1.42;12.98;288;2.82;0.84;2
Clarithromycin;negative;747.95;8;183;4;14;3.16;2.38;;18;-10.84;-11.62;;;;;;182.93;;2.37;14.48;88.8;2.38;0.84;1.1
Roxithromycin;negative;837.05;13;217;5;17;3.73;2.8;-16.12;22;-13.27;-14.2;0.88;126.35;0.15;42.78;-0.13;216.92;;2.25;9.08;185.9;2.46;0.83;0.5
Colistin;negative;1155.43;28;491;23;29;-3.68;-11.9;;52;-32.68;-40.9;;;;;;490.65;;;2.13;444.8;2;0.78;3
CyclosporinA;efflux;1202.61;15;279;5;23;3.35;1.8;-18.69;28;-19.65;-21.2;4.31;355.37;0.3;78.03;0.53;261.71;;14.68;2.98;;1.12;0.76;2.5
Ritonavir;efflux;720.94;19;202;4;11;6.75;2.68;-7.68;15;-4.25;-8.32;3.32;107.53;0.15;82.07;0.64;155.2;9.12;6.08;-1.95;140;2;0.58;1.2
